<?xml version='1.0' standalone='yes'?>
<extension>
	<name>PLUGIN_SPOTTY_NAME</name>
	<creator>Michael Herger</creator>
	<defaultState>enabled</defaultState>
	<description>PLUGIN_SPOTTY</description>
	<email>slim@herger.net</email>
	<id>21cbb80e-67b8-44a8-a662-21c6c7ae5260</id>
	<module>Plugins::Spotty::Plugin</module>
	<optionsURL>plugins/Spotty/settings/basic.html</optionsURL>
	<icon>plugins/Spotty/html/images/93aac68fb06348598c1e67734dfaceee.png</icon>
	<targetApplication>
		<id>SqueezeCenter</id>
		<maxVersion>*</maxVersion>
		<minVersion>7.7</minVersion>
	</targetApplication>
	<type>2</type>
	<version>1.2.1</version>
</extension>
